"score","full_name","extension","size_bytes","hits","last_write_time_utc"
"12","E:\AAYS_DATA\terrayield_land_intelligence\raw\homes_england_backfill\checkpoints\217_sheffield-city-council\parcels_inspire.csv",".csv","150055470","17103798|hmlr_inspire","2026-04-14T00:37:05.7143373Z"
"12","E:\AAYS_DATA\terrayield_land_intelligence\raw\homes_england_backfill\checkpoints\217_sheffield-city-council\parcels_inspire.csv",".csv","150055470","17103798|hmlr_inspire","2026-04-14T00:37:05.7143373Z"
"12","E:\AAYS_DATA\terrayield_land_intelligence\raw\homes_england_backfill\checkpoints\217_sheffield-city-council\parcels_inspire.csv",".csv","150055470","17103798|hmlr_inspire","2026-04-14T00:37:05.7143373Z"
"12","E:\AAYS_DATA\terrayield_land_intelligence\raw\homes_england_backfill\checkpoints\222_south-cambridgeshire-district-council\parcels_inspire.csv",".csv","89290541","17103798|hmlr_inspire","2026-04-10T09:29:54.1059882Z"
"12","E:\AAYS_DATA\terrayield_land_intelligence\raw\homes_england_backfill\checkpoints\222_south-cambridgeshire-district-council\parcels_inspire.csv",".csv","89290541","17103798|hmlr_inspire","2026-04-10T09:29:54.1059882Z"
"12","E:\AAYS_DATA\terrayield_land_intelligence\raw\homes_england_backfill\checkpoints\222_south-cambridgeshire-district-council\parcels_inspire.csv",".csv","89290541","17103798|hmlr_inspire","2026-04-10T09:29:54.1059882Z"
"11","E:\AAYS_DATA\terrayield_land_intelligence\raw\homes_england_backfill\checkpoints\008_basingstoke-and-deane-borough-council\parcels_inspire.csv",".csv","90622813","hmlr_inspire","2026-04-09T09:06:05.5993157Z"
"11","E:\AAYS_DATA\terrayield_land_intelligence\raw\homes_england_backfill\checkpoints\008_basingstoke-and-deane-borough-council\parcels_inspire.csv",".csv","90622813","hmlr_inspire","2026-04-09T09:06:05.5993157Z"
"11","E:\AAYS_DATA\terrayield_land_intelligence\raw\homes_england_backfill\checkpoints\008_basingstoke-and-deane-borough-council\parcels_inspire.csv",".csv","90622813","hmlr_inspire","2026-04-09T09:06:05.5993157Z"
"11","E:\AAYS_DATA\terrayield_land_intelligence\raw\homes_england_backfill\checkpoints\011_bedford-borough-council\parcels_inspire.csv",".csv","77942434","hmlr_inspire","2026-04-09T09:18:47.3382984Z"
"11","E:\AAYS_DATA\terrayield_land_intelligence\raw\homes_england_backfill\checkpoints\011_bedford-borough-council\parcels_inspire.csv",".csv","77942434","hmlr_inspire","2026-04-09T09:18:47.3382984Z"
"11","E:\AAYS_DATA\terrayield_land_intelligence\raw\homes_england_backfill\checkpoints\011_bedford-borough-council\parcels_inspire.csv",".csv","77942434","hmlr_inspire","2026-04-09T09:18:47.3382984Z"
"11","E:\AAYS_DATA\terrayield_land_intelligence\raw\homes_england_backfill\checkpoints\012_birmingham-city-council\parcels_inspire.csv",".csv","271647883","hmlr_inspire","2026-04-06T23:25:37.5598607Z"
"11","E:\AAYS_DATA\terrayield_land_intelligence\raw\homes_england_backfill\checkpoints\012_birmingham-city-council\parcels_inspire.csv",".csv","271647883","hmlr_inspire","2026-04-06T23:25:37.5598607Z"
"11","E:\AAYS_DATA\terrayield_land_intelligence\raw\homes_england_backfill\checkpoints\012_birmingham-city-council\parcels_inspire.csv",".csv","271647883","hmlr_inspire","2026-04-06T23:25:37.5598607Z"
"11","E:\AAYS_DATA\terrayield_land_intelligence\raw\homes_england_backfill\checkpoints\016_bolsover-district-council\parcels_inspire.csv",".csv","38731931","hmlr_inspire","2026-04-09T09:26:12.0461922Z"
"11","E:\AAYS_DATA\terrayield_land_intelligence\raw\homes_england_backfill\checkpoints\016_bolsover-district-council\parcels_inspire.csv",".csv","38731931","hmlr_inspire","2026-04-09T09:26:12.0461922Z"
"11","E:\AAYS_DATA\terrayield_land_intelligence\raw\homes_england_backfill\checkpoints\016_bolsover-district-council\parcels_inspire.csv",".csv","38731931","hmlr_inspire","2026-04-09T09:26:12.0461922Z"
"11","E:\AAYS_DATA\terrayield_land_intelligence\raw\homes_england_backfill\checkpoints\037_canterbury-city-council\parcels_inspire.csv",".csv","75136869","hmlr_inspire","2026-04-14T01:33:25.9858501Z"
"11","E:\AAYS_DATA\terrayield_land_intelligence\raw\homes_england_backfill\checkpoints\037_canterbury-city-council\parcels_inspire.csv",".csv","75136869","hmlr_inspire","2026-04-14T01:33:25.9858501Z"
"11","E:\AAYS_DATA\terrayield_land_intelligence\raw\homes_england_backfill\checkpoints\037_canterbury-city-council\parcels_inspire.csv",".csv","75136869","hmlr_inspire","2026-04-14T01:33:25.9858501Z"
"11","E:\AAYS_DATA\terrayield_land_intelligence\raw\homes_england_backfill\checkpoints\062_dacorum-borough-council\parcels_inspire.csv",".csv","53378479","hmlr_inspire","2026-04-07T02:31:00.8970724Z"
"11","E:\AAYS_DATA\terrayield_land_intelligence\raw\homes_england_backfill\checkpoints\062_dacorum-borough-council\parcels_inspire.csv",".csv","53378479","hmlr_inspire","2026-04-07T02:31:00.8970724Z"
"11","E:\AAYS_DATA\terrayield_land_intelligence\raw\homes_england_backfill\checkpoints\062_dacorum-borough-council\parcels_inspire.csv",".csv","53378479","hmlr_inspire","2026-04-07T02:31:00.8970724Z"
"11","E:\AAYS_DATA\terrayield_land_intelligence\raw\homes_england_backfill\checkpoints\063_darlington-borough-council\parcels_inspire.csv",".csv","50480348","hmlr_inspire","2026-04-19T03:37:45.9590588Z"
"11","E:\AAYS_DATA\terrayield_land_intelligence\raw\homes_england_backfill\checkpoints\063_darlington-borough-council\parcels_inspire.csv",".csv","50480348","hmlr_inspire","2026-04-19T03:37:45.9590588Z"
"11","E:\AAYS_DATA\terrayield_land_intelligence\raw\homes_england_backfill\checkpoints\063_darlington-borough-council\parcels_inspire.csv",".csv","50480348","hmlr_inspire","2026-04-19T03:37:45.9590588Z"
"11","E:\AAYS_DATA\terrayield_land_intelligence\raw\homes_england_backfill\checkpoints\065_derby-city-council\parcels_inspire.csv",".csv","81439381","hmlr_inspire","2026-04-14T01:45:22.2033275Z"
"11","E:\AAYS_DATA\terrayield_land_intelligence\raw\homes_england_backfill\checkpoints\065_derby-city-council\parcels_inspire.csv",".csv","81439381","hmlr_inspire","2026-04-14T01:45:22.2033275Z"
"11","E:\AAYS_DATA\terrayield_land_intelligence\raw\homes_england_backfill\checkpoints\065_derby-city-council\parcels_inspire.csv",".csv","81439381","hmlr_inspire","2026-04-14T01:45:22.2033275Z"
"11","E:\AAYS_DATA\terrayield_land_intelligence\raw\homes_england_backfill\checkpoints\067_doncaster-metropolitan-borough-council\parcels_inspire.csv",".csv","128956836","hmlr_inspire","2026-04-09T09:37:39.8536970Z"
"11","E:\AAYS_DATA\terrayield_land_intelligence\raw\homes_england_backfill\checkpoints\067_doncaster-metropolitan-borough-council\parcels_inspire.csv",".csv","128956836","hmlr_inspire","2026-04-09T09:37:39.8536970Z"
"11","E:\AAYS_DATA\terrayield_land_intelligence\raw\homes_england_backfill\checkpoints\067_doncaster-metropolitan-borough-council\parcels_inspire.csv",".csv","128956836","hmlr_inspire","2026-04-09T09:37:39.8536970Z"
"11","E:\AAYS_DATA\terrayield_land_intelligence\raw\homes_england_backfill\checkpoints\068_dorset-council\parcels_inspire.csv",".csv","225848173","hmlr_inspire","2026-04-10T11:46:37.5645696Z"
"11","E:\AAYS_DATA\terrayield_land_intelligence\raw\homes_england_backfill\checkpoints\068_dorset-council\parcels_inspire.csv",".csv","225848173","hmlr_inspire","2026-04-10T11:46:37.5645696Z"
"11","E:\AAYS_DATA\terrayield_land_intelligence\raw\homes_england_backfill\checkpoints\068_dorset-council\parcels_inspire.csv",".csv","225848173","hmlr_inspire","2026-04-10T11:46:37.5645696Z"
"11","E:\AAYS_DATA\terrayield_land_intelligence\raw\homes_england_backfill\checkpoints\069_dover-district-council\parcels_inspire.csv",".csv","58849462","hmlr_inspire","2026-04-10T08:07:58.5088391Z"
"11","E:\AAYS_DATA\terrayield_land_intelligence\raw\homes_england_backfill\checkpoints\069_dover-district-council\parcels_inspire.csv",".csv","58849462","hmlr_inspire","2026-04-10T08:07:58.5088391Z"
"11","E:\AAYS_DATA\terrayield_land_intelligence\raw\homes_england_backfill\checkpoints\069_dover-district-council\parcels_inspire.csv",".csv","58849462","hmlr_inspire","2026-04-10T08:07:58.5088391Z"
"11","E:\AAYS_DATA\terrayield_land_intelligence\raw\homes_england_backfill\checkpoints\071_durham-county-council\parcels_inspire.csv",".csv","282293148","hmlr_inspire","2026-04-14T00:12:32.2820927Z"
"11","E:\AAYS_DATA\terrayield_land_intelligence\raw\homes_england_backfill\checkpoints\071_durham-county-council\parcels_inspire.csv",".csv","282293148","hmlr_inspire","2026-04-14T00:12:32.2820927Z"
"11","E:\AAYS_DATA\terrayield_land_intelligence\raw\homes_england_backfill\checkpoints\071_durham-county-council\parcels_inspire.csv",".csv","282293148","hmlr_inspire","2026-04-14T00:12:32.2820927Z"
"11","E:\AAYS_DATA\terrayield_land_intelligence\raw\homes_england_backfill\checkpoints\074_east-hampshire-district-council\parcels_inspire.csv",".csv","70797479","hmlr_inspire","2026-04-07T07:58:33.4401563Z"
"11","E:\AAYS_DATA\terrayield_land_intelligence\raw\homes_england_backfill\checkpoints\074_east-hampshire-district-council\parcels_inspire.csv",".csv","70797479","hmlr_inspire","2026-04-07T07:58:33.4401563Z"
"11","E:\AAYS_DATA\terrayield_land_intelligence\raw\homes_england_backfill\checkpoints\074_east-hampshire-district-council\parcels_inspire.csv",".csv","70797479","hmlr_inspire","2026-04-07T07:58:33.4401563Z"
"11","E:\AAYS_DATA\terrayield_land_intelligence\raw\homes_england_backfill\checkpoints\077_east-riding-of-yorkshire-council\parcels_inspire.csv",".csv","184923440","hmlr_inspire","2026-04-10T08:20:22.7308022Z"
"11","E:\AAYS_DATA\terrayield_land_intelligence\raw\homes_england_backfill\checkpoints\077_east-riding-of-yorkshire-council\parcels_inspire.csv",".csv","184923440","hmlr_inspire","2026-04-10T08:20:22.7308022Z"
"11","E:\AAYS_DATA\terrayield_land_intelligence\raw\homes_england_backfill\checkpoints\077_east-riding-of-yorkshire-council\parcels_inspire.csv",".csv","184923440","hmlr_inspire","2026-04-10T08:20:22.7308022Z"
"11","E:\AAYS_DATA\terrayield_land_intelligence\raw\homes_england_backfill\checkpoints\078_east-staffordshire-borough-council\parcels_inspire.csv",".csv","62095045","hmlr_inspire","2026-04-09T01:27:14.8805197Z"
"11","E:\AAYS_DATA\terrayield_land_intelligence\raw\homes_england_backfill\checkpoints\078_east-staffordshire-borough-council\parcels_inspire.csv",".csv","62095045","hmlr_inspire","2026-04-09T01:27:14.8805197Z"
"11","E:\AAYS_DATA\terrayield_land_intelligence\raw\homes_england_backfill\checkpoints\078_east-staffordshire-borough-council\parcels_inspire.csv",".csv","62095045","hmlr_inspire","2026-04-09T01:27:14.8805197Z"
"11","E:\AAYS_DATA\terrayield_land_intelligence\raw\homes_england_backfill\checkpoints\091_fylde-borough-council\parcels_inspire.csv",".csv","33983878","hmlr_inspire","2026-04-10T08:28:37.8250350Z"
"11","E:\AAYS_DATA\terrayield_land_intelligence\raw\homes_england_backfill\checkpoints\091_fylde-borough-council\parcels_inspire.csv",".csv","33983878","hmlr_inspire","2026-04-10T08:28:37.8250350Z"
"11","E:\AAYS_DATA\terrayield_land_intelligence\raw\homes_england_backfill\checkpoints\091_fylde-borough-council\parcels_inspire.csv",".csv","33983878","hmlr_inspire","2026-04-10T08:28:37.8250350Z"
"11","E:\AAYS_DATA\terrayield_land_intelligence\raw\homes_england_backfill\checkpoints\095_gosport-borough-council\parcels_inspire.csv",".csv","24253572","hmlr_inspire","2026-04-10T08:35:34.1841340Z"
"11","E:\AAYS_DATA\terrayield_land_intelligence\raw\homes_england_backfill\checkpoints\095_gosport-borough-council\parcels_inspire.csv",".csv","24253572","hmlr_inspire","2026-04-10T08:35:34.1841340Z"
"11","E:\AAYS_DATA\terrayield_land_intelligence\raw\homes_england_backfill\checkpoints\095_gosport-borough-council\parcels_inspire.csv",".csv","24253572","hmlr_inspire","2026-04-10T08:35:34.1841340Z"
"11","E:\AAYS_DATA\terrayield_land_intelligence\raw\homes_england_backfill\checkpoints\103_hartlepool-borough-council\parcels_inspire.csv",".csv","37956307","hmlr_inspire","2026-04-14T00:51:23.3874487Z"
"11","E:\AAYS_DATA\terrayield_land_intelligence\raw\homes_england_backfill\checkpoints\103_hartlepool-borough-council\parcels_inspire.csv",".csv","37956307","hmlr_inspire","2026-04-14T00:51:23.3874487Z"
"11","E:\AAYS_DATA\terrayield_land_intelligence\raw\homes_england_backfill\checkpoints\103_hartlepool-borough-council\parcels_inspire.csv",".csv","37956307","hmlr_inspire","2026-04-14T00:51:23.3874487Z"
"11","E:\AAYS_DATA\terrayield_land_intelligence\raw\homes_england_backfill\checkpoints\105_havant-borough-council\parcels_inspire.csv",".csv","43841946","hmlr_inspire","2026-04-25T00:49:10.8592275Z"
"11","E:\AAYS_DATA\terrayield_land_intelligence\raw\homes_england_backfill\checkpoints\105_havant-borough-council\parcels_inspire.csv",".csv","43841946","hmlr_inspire","2026-04-25T00:49:10.8592275Z"
"11","E:\AAYS_DATA\terrayield_land_intelligence\raw\homes_england_backfill\checkpoints\105_havant-borough-council\parcels_inspire.csv",".csv","43841946","hmlr_inspire","2026-04-25T00:49:10.8592275Z"
"11","E:\AAYS_DATA\terrayield_land_intelligence\raw\homes_england_backfill\checkpoints\118_lancaster-city-council\parcels_inspire.csv",".csv","67359998","hmlr_inspire","2026-04-10T08:43:18.8954118Z"
"11","E:\AAYS_DATA\terrayield_land_intelligence\raw\homes_england_backfill\checkpoints\118_lancaster-city-council\parcels_inspire.csv",".csv","67359998","hmlr_inspire","2026-04-10T08:43:18.8954118Z"
"11","E:\AAYS_DATA\terrayield_land_intelligence\raw\homes_england_backfill\checkpoints\118_lancaster-city-council\parcels_inspire.csv",".csv","67359998","hmlr_inspire","2026-04-10T08:43:18.8954118Z"
"11","E:\AAYS_DATA\terrayield_land_intelligence\raw\homes_england_backfill\checkpoints\119_leeds-city-council\parcels_inspire.csv",".csv","253601754","hmlr_inspire","2026-04-09T01:54:19.7358720Z"
"11","E:\AAYS_DATA\terrayield_land_intelligence\raw\homes_england_backfill\checkpoints\119_leeds-city-council\parcels_inspire.csv",".csv","253601754","hmlr_inspire","2026-04-09T01:54:19.7358720Z"
"11","E:\AAYS_DATA\terrayield_land_intelligence\raw\homes_england_backfill\checkpoints\119_leeds-city-council\parcels_inspire.csv",".csv","253601754","hmlr_inspire","2026-04-09T01:54:19.7358720Z"
"11","E:\AAYS_DATA\terrayield_land_intelligence\raw\homes_england_backfill\checkpoints\162_mid-sussex-district-council\parcels_inspire.csv",".csv","81558724","hmlr_inspire","2026-04-04T23:58:49.1596296Z"
"11","E:\AAYS_DATA\terrayield_land_intelligence\raw\homes_england_backfill\checkpoints\162_mid-sussex-district-council\parcels_inspire.csv",".csv","81558724","hmlr_inspire","2026-04-04T23:58:49.1596296Z"
"11","E:\AAYS_DATA\terrayield_land_intelligence\raw\homes_england_backfill\checkpoints\162_mid-sussex-district-council\parcels_inspire.csv",".csv","81558724","hmlr_inspire","2026-04-04T23:58:49.1596296Z"
"11","E:\AAYS_DATA\terrayield_land_intelligence\raw\homes_england_backfill\checkpoints\164_milton-keynes-council\parcels_inspire.csv",".csv","114032536","hmlr_inspire","2026-04-14T01:22:48.7992746Z"
"11","E:\AAYS_DATA\terrayield_land_intelligence\raw\homes_england_backfill\checkpoints\164_milton-keynes-council\parcels_inspire.csv",".csv","114032536","hmlr_inspire","2026-04-14T01:22:48.7992746Z"
"11","E:\AAYS_DATA\terrayield_land_intelligence\raw\homes_england_backfill\checkpoints\164_milton-keynes-council\parcels_inspire.csv",".csv","114032536","hmlr_inspire","2026-04-14T01:22:48.7992746Z"
"11","E:\AAYS_DATA\terrayield_land_intelligence\raw\homes_england_backfill\checkpoints\171_north-east-derbyshire-district-council\parcels_inspire.csv",".csv","54506542","hmlr_inspire","2026-04-10T08:50:37.6155642Z"
"11","E:\AAYS_DATA\terrayield_land_intelligence\raw\homes_england_backfill\checkpoints\171_north-east-derbyshire-district-council\parcels_inspire.csv",".csv","54506542","hmlr_inspire","2026-04-10T08:50:37.6155642Z"
"11","E:\AAYS_DATA\terrayield_land_intelligence\raw\homes_england_backfill\checkpoints\171_north-east-derbyshire-district-council\parcels_inspire.csv",".csv","54506542","hmlr_inspire","2026-04-10T08:50:37.6155642Z"
"11","E:\AAYS_DATA\terrayield_land_intelligence\raw\homes_england_backfill\checkpoints\177_north-northamptonshire-council\parcels_inspire.csv",".csv","157149311","hmlr_inspire","2026-04-10T09:01:14.4406344Z"
"11","E:\AAYS_DATA\terrayield_land_intelligence\raw\homes_england_backfill\checkpoints\177_north-northamptonshire-council\parcels_inspire.csv",".csv","157149311","hmlr_inspire","2026-04-10T09:01:14.4406344Z"
"11","E:\AAYS_DATA\terrayield_land_intelligence\raw\homes_england_backfill\checkpoints\177_north-northamptonshire-council\parcels_inspire.csv",".csv","157149311","hmlr_inspire","2026-04-10T09:01:14.4406344Z"
"11","E:\AAYS_DATA\terrayield_land_intelligence\raw\homes_england_backfill\checkpoints\178_north-somerset-council\parcels_inspire.csv",".csv","108298619","hmlr_inspire","2026-04-09T02:06:37.1407358Z"
"11","E:\AAYS_DATA\terrayield_land_intelligence\raw\homes_england_backfill\checkpoints\178_north-somerset-council\parcels_inspire.csv",".csv","108298619","hmlr_inspire","2026-04-09T02:06:37.1407358Z"
"11","E:\AAYS_DATA\terrayield_land_intelligence\raw\homes_england_backfill\checkpoints\178_north-somerset-council\parcels_inspire.csv",".csv","108298619","hmlr_inspire","2026-04-09T02:06:37.1407358Z"
"11","E:\AAYS_DATA\terrayield_land_intelligence\raw\homes_england_backfill\checkpoints\182_northumberland-county-council\parcels_inspire.csv",".csv","206818863","hmlr_inspire","2026-04-05T02:20:21.5533214Z"
"11","E:\AAYS_DATA\terrayield_land_intelligence\raw\homes_england_backfill\checkpoints\182_northumberland-county-council\parcels_inspire.csv",".csv","206818863","hmlr_inspire","2026-04-05T02:20:21.5533214Z"
"11","E:\AAYS_DATA\terrayield_land_intelligence\raw\homes_england_backfill\checkpoints\182_northumberland-county-council\parcels_inspire.csv",".csv","206818863","hmlr_inspire","2026-04-05T02:20:21.5533214Z"
"11","E:\AAYS_DATA\terrayield_land_intelligence\raw\homes_england_backfill\checkpoints\184_nottingham-city-council\parcels_inspire.csv",".csv","81085186","hmlr_inspire","2026-04-07T02:27:47.7984850Z"
"11","E:\AAYS_DATA\terrayield_land_intelligence\raw\homes_england_backfill\checkpoints\184_nottingham-city-council\parcels_inspire.csv",".csv","81085186","hmlr_inspire","2026-04-07T02:27:47.7984850Z"
"11","E:\AAYS_DATA\terrayield_land_intelligence\raw\homes_england_backfill\checkpoints\184_nottingham-city-council\parcels_inspire.csv",".csv","81085186","hmlr_inspire","2026-04-07T02:27:47.7984850Z"
"11","E:\AAYS_DATA\terrayield_land_intelligence\raw\homes_england_backfill\checkpoints\193_preston-city-council\parcels_inspire.csv",".csv","56856329","hmlr_inspire","2026-04-09T02:17:01.6267255Z"
"11","E:\AAYS_DATA\terrayield_land_intelligence\raw\homes_england_backfill\checkpoints\193_preston-city-council\parcels_inspire.csv",".csv","56856329","hmlr_inspire","2026-04-09T02:17:01.6267255Z"
"11","E:\AAYS_DATA\terrayield_land_intelligence\raw\homes_england_backfill\checkpoints\193_preston-city-council\parcels_inspire.csv",".csv","56856329","hmlr_inspire","2026-04-09T02:17:01.6267255Z"
"11","E:\AAYS_DATA\terrayield_land_intelligence\raw\homes_england_backfill\checkpoints\221_somerset-council\parcels_inspire.csv",".csv","384212730","hmlr_inspire","2026-04-07T01:18:15.8958346Z"
"11","E:\AAYS_DATA\terrayield_land_intelligence\raw\homes_england_backfill\checkpoints\221_somerset-council\parcels_inspire.csv",".csv","384212730","hmlr_inspire","2026-04-07T01:18:15.8958346Z"
"11","E:\AAYS_DATA\terrayield_land_intelligence\raw\homes_england_backfill\checkpoints\221_somerset-council\parcels_inspire.csv",".csv","384212730","hmlr_inspire","2026-04-07T01:18:15.8958346Z"
"11","E:\AAYS_DATA\terrayield_land_intelligence\raw\homes_england_backfill\checkpoints\224_south-gloucestershire-council\parcels_inspire.csv",".csv","148194735","hmlr_inspire","2026-04-14T02:00:20.3318805Z"
"11","E:\AAYS_DATA\terrayield_land_intelligence\raw\homes_england_backfill\checkpoints\224_south-gloucestershire-council\parcels_inspire.csv",".csv","148194735","hmlr_inspire","2026-04-14T02:00:20.3318805Z"
"11","E:\AAYS_DATA\terrayield_land_intelligence\raw\homes_england_backfill\checkpoints\224_south-gloucestershire-council\parcels_inspire.csv",".csv","148194735","hmlr_inspire","2026-04-14T02:00:20.3318805Z"
"11","E:\AAYS_DATA\terrayield_land_intelligence\raw\homes_england_backfill\checkpoints\229_south-oxfordshire-district-council\parcels_inspire.csv",".csv","87604917","hmlr_inspire","2026-04-09T02:27:51.3047888Z"
"11","E:\AAYS_DATA\terrayield_land_intelligence\raw\homes_england_backfill\checkpoints\229_south-oxfordshire-district-council\parcels_inspire.csv",".csv","87604917","hmlr_inspire","2026-04-09T02:27:51.3047888Z"
"11","E:\AAYS_DATA\terrayield_land_intelligence\raw\homes_england_backfill\checkpoints\229_south-oxfordshire-district-council\parcels_inspire.csv",".csv","87604917","hmlr_inspire","2026-04-09T02:27:51.3047888Z"
"11","E:\AAYS_DATA\terrayield_land_intelligence\raw\homes_england_backfill\checkpoints\242_stockton-on-tees-borough-council\parcels_inspire.csv",".csv","89584294","hmlr_inspire","2026-04-10T09:38:10.3136878Z"
"11","E:\AAYS_DATA\terrayield_land_intelligence\raw\homes_england_backfill\checkpoints\242_stockton-on-tees-borough-council\parcels_inspire.csv",".csv","89584294","hmlr_inspire","2026-04-10T09:38:10.3136878Z"
"11","E:\AAYS_DATA\terrayield_land_intelligence\raw\homes_england_backfill\checkpoints\242_stockton-on-tees-borough-council\parcels_inspire.csv",".csv","89584294","hmlr_inspire","2026-04-10T09:38:10.3136878Z"
"11","E:\AAYS_DATA\terrayield_land_intelligence\raw\homes_england_backfill\checkpoints\244_stratford-on-avon-district-council\parcels_inspire.csv",".csv","95484982","hmlr_inspire","2026-04-13T23:24:53.6125089Z"
"11","E:\AAYS_DATA\terrayield_land_intelligence\raw\homes_england_backfill\checkpoints\244_stratford-on-avon-district-council\parcels_inspire.csv",".csv","95484982","hmlr_inspire","2026-04-13T23:24:53.6125089Z"
"11","E:\AAYS_DATA\terrayield_land_intelligence\raw\homes_england_backfill\checkpoints\244_stratford-on-avon-district-council\parcels_inspire.csv",".csv","95484982","hmlr_inspire","2026-04-13T23:24:53.6125089Z"
"11","E:\AAYS_DATA\terrayield_land_intelligence\raw\homes_england_backfill\checkpoints\251_tamworth-borough-council\parcels_inspire.csv",".csv","29171153","hmlr_inspire","2026-04-10T09:43:51.8506463Z"
"11","E:\AAYS_DATA\terrayield_land_intelligence\raw\homes_england_backfill\checkpoints\251_tamworth-borough-council\parcels_inspire.csv",".csv","29171153","hmlr_inspire","2026-04-10T09:43:51.8506463Z"
"11","E:\AAYS_DATA\terrayield_land_intelligence\raw\homes_england_backfill\checkpoints\251_tamworth-borough-council\parcels_inspire.csv",".csv","29171153","hmlr_inspire","2026-04-10T09:43:51.8506463Z"
"11","E:\AAYS_DATA\terrayield_land_intelligence\raw\homes_england_backfill\checkpoints\254_telford-and-wrekin-council\parcels_inspire.csv",".csv","89634251","hmlr_inspire","2026-04-13T23:45:32.0281926Z"
"11","E:\AAYS_DATA\terrayield_land_intelligence\raw\homes_england_backfill\checkpoints\254_telford-and-wrekin-council\parcels_inspire.csv",".csv","89634251","hmlr_inspire","2026-04-13T23:45:32.0281926Z"
"11","E:\AAYS_DATA\terrayield_land_intelligence\raw\homes_england_backfill\checkpoints\254_telford-and-wrekin-council\parcels_inspire.csv",".csv","89634251","hmlr_inspire","2026-04-13T23:45:32.0281926Z"
"11","E:\AAYS_DATA\terrayield_land_intelligence\raw\homes_england_backfill\checkpoints\259_the-north-yorkshire-council\parcels_inspire.csv",".csv","469396986","hmlr_inspire","2026-04-10T09:21:50.1090284Z"
"11","E:\AAYS_DATA\terrayield_land_intelligence\raw\homes_england_backfill\checkpoints\259_the-north-yorkshire-council\parcels_inspire.csv",".csv","469396986","hmlr_inspire","2026-04-10T09:21:50.1090284Z"
"11","E:\AAYS_DATA\terrayield_land_intelligence\raw\homes_england_backfill\checkpoints\259_the-north-yorkshire-council\parcels_inspire.csv",".csv","469396986","hmlr_inspire","2026-04-10T09:21:50.1090284Z"
"11","E:\AAYS_DATA\terrayield_land_intelligence\raw\homes_england_backfill\checkpoints\271_warrington-borough-council\parcels_inspire.csv",".csv","80734544","hmlr_inspire","2026-04-10T09:50:32.7253153Z"
"11","E:\AAYS_DATA\terrayield_land_intelligence\raw\homes_england_backfill\checkpoints\271_warrington-borough-council\parcels_inspire.csv",".csv","80734544","hmlr_inspire","2026-04-10T09:50:32.7253153Z"
"11","E:\AAYS_DATA\terrayield_land_intelligence\raw\homes_england_backfill\checkpoints\271_warrington-borough-council\parcels_inspire.csv",".csv","80734544","hmlr_inspire","2026-04-10T09:50:32.7253153Z"
"11","E:\AAYS_DATA\terrayield_land_intelligence\raw\homes_england_backfill\checkpoints\272_warwick-district-council\parcels_inspire.csv",".csv","64847079","hmlr_inspire","2026-04-10T09:56:34.1587360Z"
"11","E:\AAYS_DATA\terrayield_land_intelligence\raw\homes_england_backfill\checkpoints\272_warwick-district-council\parcels_inspire.csv",".csv","64847079","hmlr_inspire","2026-04-10T09:56:34.1587360Z"
"11","E:\AAYS_DATA\terrayield_land_intelligence\raw\homes_england_backfill\checkpoints\272_warwick-district-council\parcels_inspire.csv",".csv","64847079","hmlr_inspire","2026-04-10T09:56:34.1587360Z"
"11","E:\AAYS_DATA\terrayield_land_intelligence\raw\homes_england_backfill\checkpoints\277_west-berkshire-council\parcels_inspire.csv",".csv","85891532","hmlr_inspire","2026-04-10T10:03:09.7892843Z"
"11","E:\AAYS_DATA\terrayield_land_intelligence\raw\homes_england_backfill\checkpoints\277_west-berkshire-council\parcels_inspire.csv",".csv","85891532","hmlr_inspire","2026-04-10T10:03:09.7892843Z"
"11","E:\AAYS_DATA\terrayield_land_intelligence\raw\homes_england_backfill\checkpoints\277_west-berkshire-council\parcels_inspire.csv",".csv","85891532","hmlr_inspire","2026-04-10T10:03:09.7892843Z"
"11","E:\AAYS_DATA\terrayield_land_intelligence\raw\homes_england_backfill\checkpoints\281_west-northamptonshire-council\parcels_inspire.csv",".csv","200320131","hmlr_inspire","2026-04-14T01:09:45.8373894Z"
"11","E:\AAYS_DATA\terrayield_land_intelligence\raw\homes_england_backfill\checkpoints\281_west-northamptonshire-council\parcels_inspire.csv",".csv","200320131","hmlr_inspire","2026-04-14T01:09:45.8373894Z"
"11","E:\AAYS_DATA\terrayield_land_intelligence\raw\homes_england_backfill\checkpoints\281_west-northamptonshire-council\parcels_inspire.csv",".csv","200320131","hmlr_inspire","2026-04-14T01:09:45.8373894Z"
"11","E:\AAYS_DATA\terrayield_land_intelligence\raw\homes_england_backfill\checkpoints\295_wyre-forest-district-council\parcels_inspire.csv",".csv","46043686","hmlr_inspire","2026-04-10T10:08:52.5758713Z"
"11","E:\AAYS_DATA\terrayield_land_intelligence\raw\homes_england_backfill\checkpoints\295_wyre-forest-district-council\parcels_inspire.csv",".csv","46043686","hmlr_inspire","2026-04-10T10:08:52.5758713Z"
"11","E:\AAYS_DATA\terrayield_land_intelligence\raw\homes_england_backfill\checkpoints\295_wyre-forest-district-council\parcels_inspire.csv",".csv","46043686","hmlr_inspire","2026-04-10T10:08:52.5758713Z"
"6","E:\AAYS_DATA\terrayield_land_intelligence\raw\hmlr_inspire\20260419T214209Z.json",".json","6444","East Devon|hmlr_inspire","2026-04-19T21:42:09.9217442Z"
"6","E:\AAYS_DATA\terrayield_land_intelligence\raw\hmlr_inspire\20260419T214209Z.json",".json","6444","East Devon|hmlr_inspire","2026-04-19T21:42:09.9217442Z"
"6","E:\AAYS_DATA\terrayield_land_intelligence\raw\hmlr_inspire\20260419T214209Z.json",".json","6444","East Devon|hmlr_inspire","2026-04-19T21:42:09.9217442Z"
"6","E:\AAYS_DATA\terrayield_land_intelligence\raw\hmlr_inspire\20260501T192322Z.json",".json","139213","East Devon|hmlr_inspire","2026-05-01T19:23:22.7757856Z"
"6","E:\AAYS_DATA\terrayield_land_intelligence\raw\hmlr_inspire\20260501T192322Z.json",".json","139213","East Devon|hmlr_inspire","2026-05-01T19:23:22.7757856Z"
"6","E:\AAYS_DATA\terrayield_land_intelligence\raw\hmlr_inspire\20260501T192322Z.json",".json","139213","East Devon|hmlr_inspire","2026-05-01T19:23:22.7757856Z"
"4","E:\AAYS_DATA\terrayield_land_intelligence\live_feeds_exports_archive\market_listing_parcel_enriched_2026-04-25.csv",".csv","11477451","17103798|england:east-devon-district-council:17103798|east-devon-district-council|East Devon","2026-04-25T16:21:55.8090790Z"
"4","E:\AAYS_DATA\terrayield_land_intelligence\live_feeds_exports_archive\market_listing_parcel_enriched_2026-04-25.csv",".csv","11477451","17103798|england:east-devon-district-council:17103798|east-devon-district-council|East Devon","2026-04-25T16:21:55.8090790Z"
"4","E:\AAYS_DATA\terrayield_land_intelligence\live_feeds_exports_archive\market_listing_parcel_enriched_2026-04-25_filled.csv",".csv","12081169","17103798|england:east-devon-district-council:17103798|east-devon-district-council|East Devon","2026-04-25T16:22:29.5879786Z"
"4","E:\AAYS_DATA\terrayield_land_intelligence\live_feeds_exports_archive\market_listing_parcel_enriched_2026-04-25_filled.csv",".csv","12081169","17103798|england:east-devon-district-council:17103798|east-devon-district-council|East Devon","2026-04-25T16:22:29.5879786Z"
"4","E:\AAYS_DATA\terrayield_land_intelligence\live_feeds_exports_archive\market_listing_parcel_polygons_2026-04-25.geojson",".geojson","18972193","17103798|england:east-devon-district-council:17103798|east-devon-district-council|East Devon","2026-04-25T16:21:57.6813757Z"
"4","E:\AAYS_DATA\terrayield_land_intelligence\live_feeds_exports_archive\market_listing_parcel_polygons_2026-04-25.geojson",".geojson","18972193","17103798|england:east-devon-district-council:17103798|east-devon-district-council|East Devon","2026-04-25T16:21:57.6813757Z"
"3","E:\AAYS_DATA\terrayield_land_intelligence\live_feeds_exports_archive\market_listing_parcel_edges_2026-04-25.geojson",".geojson","109736592","17103798|england:east-devon-district-council:17103798|east-devon-district-council","2026-04-25T16:22:14.7682102Z"
"3","E:\AAYS_DATA\terrayield_land_intelligence\live_feeds_exports_archive\market_listing_parcel_edges_2026-04-25.geojson",".geojson","109736592","17103798|england:east-devon-district-council:17103798|east-devon-district-council","2026-04-25T16:22:14.7682102Z"
"3","E:\AAYS_DATA\terrayield_land_intelligence\raw\homes_england_backfill\checkpoints\074_east-hampshire-district-council\metadata.json",".json","210","parcels_inspire","2026-04-07T07:59:00.2708835Z"
"3","E:\AAYS_DATA\terrayield_land_intelligence\raw\homes_england_backfill\checkpoints\074_east-hampshire-district-council\metadata.json",".json","210","parcels_inspire","2026-04-07T07:59:00.2708835Z"
"3","E:\AAYS_DATA\terrayield_land_intelligence\raw\homes_england_backfill\checkpoints\074_east-hampshire-district-council\metadata.json",".json","210","parcels_inspire","2026-04-07T07:59:00.2708835Z"
"3","E:\AAYS_DATA\terrayield_land_intelligence\raw\homes_england_backfill\checkpoints\077_east-riding-of-yorkshire-council\metadata.json",".json","212","parcels_inspire","2026-04-10T08:21:08.7700302Z"
"3","E:\AAYS_DATA\terrayield_land_intelligence\raw\homes_england_backfill\checkpoints\077_east-riding-of-yorkshire-council\metadata.json",".json","212","parcels_inspire","2026-04-10T08:21:08.7700302Z"
"3","E:\AAYS_DATA\terrayield_land_intelligence\raw\homes_england_backfill\checkpoints\077_east-riding-of-yorkshire-council\metadata.json",".json","212","parcels_inspire","2026-04-10T08:21:08.7700302Z"
"3","E:\AAYS_DATA\terrayield_land_intelligence\raw\homes_england_backfill\checkpoints\078_east-staffordshire-borough-council\metadata.json",".json","213","parcels_inspire","2026-04-09T01:27:35.4966442Z"
"3","E:\AAYS_DATA\terrayield_land_intelligence\raw\homes_england_backfill\checkpoints\078_east-staffordshire-borough-council\metadata.json",".json","213","parcels_inspire","2026-04-09T01:27:35.4966442Z"
"3","E:\AAYS_DATA\terrayield_land_intelligence\raw\homes_england_backfill\checkpoints\078_east-staffordshire-borough-council\metadata.json",".json","213","parcels_inspire","2026-04-09T01:27:35.4966442Z"
"3","E:\AAYS_DATA\terrayield_land_intelligence\raw\homes_england_backfill\checkpoints\171_north-east-derbyshire-district-council\metadata.json",".json","218","parcels_inspire","2026-04-10T08:50:58.4856286Z"
"3","E:\AAYS_DATA\terrayield_land_intelligence\raw\homes_england_backfill\checkpoints\171_north-east-derbyshire-district-council\metadata.json",".json","218","parcels_inspire","2026-04-10T08:50:58.4856286Z"
"3","E:\AAYS_DATA\terrayield_land_intelligence\raw\homes_england_backfill\checkpoints\171_north-east-derbyshire-district-council\metadata.json",".json","218","parcels_inspire","2026-04-10T08:50:58.4856286Z"
"2","E:\AAYS_DATA\terrayield_land_intelligence\live_feeds_exports_archive\market_listing_parcel_enriched_2026-04-24.csv",".csv","1374723","east-devon-district-council|East Devon","2026-04-24T12:12:25.5978672Z"
"2","E:\AAYS_DATA\terrayield_land_intelligence\live_feeds_exports_archive\market_listing_parcel_enriched_2026-04-24.csv",".csv","1374723","east-devon-district-council|East Devon","2026-04-24T12:12:25.5978672Z"
"2","E:\AAYS_DATA\terrayield_land_intelligence\live_feeds_exports_archive\market_listing_parcel_polygons_2026-04-24.geojson",".geojson","2189948","east-devon-district-council|East Devon","2026-04-24T12:12:25.7473461Z"
"2","E:\AAYS_DATA\terrayield_land_intelligence\live_feeds_exports_archive\market_listing_parcel_polygons_2026-04-24.geojson",".geojson","2189948","east-devon-district-council|East Devon","2026-04-24T12:12:25.7473461Z"
"1","C:\AAYS1_GITHUB_BRIDGE\chat_gpt_clone_1\ai-results\parcel_match_review_queue_2026-05-14_17-31-58.json",".json","30141","parcels_inspire","2026-05-14T14:32:10.5986871Z"
"1","C:\AAYS1_GITHUB_BRIDGE\chat_gpt_clone_1\ai-results\ty128-parcel-discovery-load-env-local.audit.json",".json","63140","parcels_inspire","2026-05-14T09:59:43.6895573Z"
"1","C:\AAYS1_GITHUB_BRIDGE\chat_gpt_clone_1\ai-results\ty128-parcel-discovery-load-env-local.report.md",".md","13380","parcels_inspire","2026-05-14T09:59:43.6935544Z"
"1","E:\AAYS_DATA\parcel_use6\handoff\parcel_use6_london_postgres_50step_handoff_20260513_032755\db_transfer\POSTGRES_WINDOWS_LINUX_RUNBOOK_TR.md",".md","806","parcels_inspire","2026-05-13T00:28:00.5278706Z"
"1","E:\AAYS_DATA\parcel_use6\handoff\parcel_use6_london_postgres_50step_handoff_20260513_032755\PU6_05_DB_TRANSFER_POSTGRES_TR.md",".md","1503","parcels_inspire","2026-05-13T00:27:58.8151673Z"
"1","E:\AAYS_DATA\parcel_use6\handoff\parcel_use6_london_postgres_50step_handoff_20260513_035916\db_transfer\POSTGRES_WINDOWS_LINUX_RUNBOOK_TR.md",".md","806","parcels_inspire","2026-05-13T00:59:24.9166733Z"
"1","E:\AAYS_DATA\parcel_use6\handoff\parcel_use6_london_postgres_50step_handoff_20260513_035916\PU6_05_DB_TRANSFER_POSTGRES_TR.md",".md","1501","parcels_inspire","2026-05-13T00:59:23.7503466Z"
"1","E:\AAYS_DATA\parcel_use6\handoff\parcel_use6_london_postgres_50step_handoff_20260513_040208\db_transfer\POSTGRES_WINDOWS_LINUX_RUNBOOK_TR.md",".md","806","parcels_inspire","2026-05-13T01:02:17.8335511Z"
"1","E:\AAYS_DATA\parcel_use6\handoff\parcel_use6_london_postgres_50step_handoff_20260513_040208\PU6_05_DB_TRANSFER_POSTGRES_TR.md",".md","1501","parcels_inspire","2026-05-13T01:02:14.2221524Z"
"1","E:\AAYS_DATA\parcel_use6\handoff\parcel_use6_london_postgres_50step_handoff_20260513_120656\db_transfer\POSTGRES_WINDOWS_LINUX_RUNBOOK_TR.md",".md","806","parcels_inspire","2026-05-13T09:07:06.6213831Z"
"1","E:\AAYS_DATA\parcel_use6\handoff\parcel_use6_london_postgres_50step_handoff_20260513_120656\PU6_05_DB_TRANSFER_POSTGRES_TR.md",".md","1501","parcels_inspire","2026-05-13T09:07:03.1313579Z"
"1","E:\AAYS_DATA\terrayield_land_intelligence\live_feeds_exports_archive\market_listing_parcel_edges_2026-04-24.geojson",".geojson","12839797","east-devon-district-council","2026-04-24T12:12:26.7441072Z"
"1","E:\AAYS_DATA\terrayield_land_intelligence\live_feeds_exports_archive\market_listing_parcel_edges_2026-04-24.geojson",".geojson","12839797","east-devon-district-council","2026-04-24T12:12:26.7441072Z"
"1","E:\AAYS_DATA\terrayield_land_intelligence\runner_status\context_parcel_use_backfill_plan_d_run02\worker_b\context_parcel_use_backfill_status_worker_b.json",".json","790","parcels_inspire","2026-04-26T10:00:32.8795957Z"
"1","E:\AAYS_DATA\terrayield_land_intelligence\runner_status\context_parcel_use_backfill_plan_d_run02\worker_b\context_parcel_use_backfill_status_worker_b.json",".json","790","parcels_inspire","2026-04-26T10:00:32.8795957Z"
"1","E:\AAYS_DATA\terrayield_land_intelligence\runner_status\context_parcel_use_backfill_plan_d_run02\worker_b\context_parcel_use_backfill_status_worker_b.md",".md","529","parcels_inspire","2026-04-26T10:00:32.9682650Z"
"1","E:\AAYS_DATA\terrayield_land_intelligence\runner_status\context_parcel_use_backfill_plan_d_run02\worker_b\context_parcel_use_backfill_status_worker_b.md",".md","529","parcels_inspire","2026-04-26T10:00:32.9682650Z"
